external_code,centroid_lat,centroid_lon
527,16.161072,74.723290
524,16.158607,75.645261
530,16.830200,75.710000
529,17.950362,77.194600
546,16.050795,76.873686
543,15.651253,76.161705
537,15.507128,75.648613
536,15.343831,75.138313
550,14.538958,74.352291
540,14.737583,75.396123
528,15.074378,76.472285
533,14.291022,76.578220
535,14.330415,75.917238
547,14.063846,75.178821
549,13.450404,74.720100
532,13.425288,75.676265
548,13.592468,77.022980
525,12.901925,77.586856
544,12.574902,76.815701
539,12.945099,76.110495
534,12.891205,74.962163
541,12.396845,75.793366
545,12.248100,76.528818
531,11.952480,77.023850
538,17.329700,76.834300
635,16.760196,77.142764
542,13.312800,78.013769
630,13.435500,77.731500
526,12.936827,77.473693
631,12.709449,77.280742
5811,13.944600,76.617200
7528,16.176666,74.591903
5777,15.639879,74.508892
7372,16.691939,74.723047
7373,16.336727,74.968291
5775,16.169303,74.822434
5772,15.857267,74.506934
7374,16.402040,74.384237
7368,16.050438,75.789980
5753,15.920387,75.680786
5758,16.333859,75.287079
7370,16.478497,75.123130
5755,16.346418,75.619086
7396,16.358886,75.936330
5795,17.174460,75.955376
5797,16.919478,76.235030
5794,16.826991,75.717539
7394,16.815990,76.065058
5789,17.871446,76.951750
7430,17.698507,77.216169
5791,17.914377,77.526357
5790,18.044194,77.206934
5788,18.254856,77.415166
7432,18.233451,77.179361
5895,15.996748,77.048118
7414,15.958598,76.657363
5893,16.421022,76.933004
5896,16.198322,77.352744
5897,15.769219,76.754960
7410,15.569679,76.418988
7411,15.608151,76.658816
5877,15.757158,76.190682
5878,15.615251,76.012779
5875,15.426108,76.530671
7421,15.732203,75.964462
5832,15.205182,75.884018
5834,15.699694,75.734991
5835,15.234576,75.579200
7425,15.426012,75.433335
5827,15.351838,75.137985
5830,15.558221,75.353848
5826,15.454051,75.006652
7423,15.427187,74.738390
5920,15.329973,74.764667
7400,15.249028,74.623604
5924,14.971526,75.041308
5928,17.697401,78.242635
5925,17.799568,77.678613
5923,14.426165,74.410762
5926,14.619236,74.838861
5919,13.987362,74.554409
5922,14.812093,74.131923
5918,14.659989,74.304785
5858,14.616579,75.634153
5859,12.736382,75.314537
5860,14.989901,75.223482
5856,14.787482,75.399673
5855,14.738372,76.703986
7420,14.421473,75.514823
5781,15.143395,76.919388
7377,15.346851,76.835776
7375,15.406170,76.604451
5787,15.633606,76.893923
5812,14.042833,76.184488
5810,14.226644,76.400512
5814,14.717355,76.746740
5809,14.313448,76.649783
5823,14.511687,75.809288
5820,14.025200,75.925000
5824,14.238978,75.645743
5821,14.466127,75.920636
5902,13.932609,75.574978
5904,13.690199,75.246370
5899,13.916789,75.065795
7433,13.459429,74.991552
5917,13.341917,74.747323
7416,13.433692,74.743638
5916,13.625099,74.691572
7434,13.230676,74.748401
7417,13.866254,74.627004
5807,13.426172,75.255369
7379,13.724757,76.001326
5806,13.610796,75.511730
5808,13.706231,75.818356
5802,13.318014,75.773874
5804,13.530030,75.369436
5805,13.133333,75.641918
7497,13.232223,75.358237
5910,14.100729,77.280005
5913,13.340077,77.100621
5907,13.521542,77.235891
5908,13.026016,77.022270
5906,13.309574,76.940070
5909,13.660179,77.214088
5912,13.258575,76.473767
5914,13.162720,76.668068
5911,13.740947,76.905738
5759,12.708637,77.699397
5880,12.584898,77.044868
5884,12.501141,76.673150
5882,12.523889,76.896196
5883,12.819608,76.754219
5847,12.762777,76.062341
5849,13.164567,75.863485
5850,13.245592,77.797084
5846,17.697170,76.425246
5851,13.007082,76.099270
5817,12.869810,74.843008
7427,12.742487,75.464366
7499,14.726785,74.929036
5819,12.557664,75.390758
7498,13.090409,74.787047
5861,12.421490,75.738754
5863,12.197271,75.803342
7488,12.458552,75.961437
7500,12.560157,76.262855
5888,12.438561,76.383670
5887,12.303509,76.292810
7413,12.256188,76.501662
5889,12.305183,76.655361
5799,11.808496,76.691614
7408,17.161933,78.131767
5840,17.331000,76.833423
5836,17.200576,76.360578
7409,16.854457,76.534495
7406,17.353429,77.153300
7407,18.035261,77.746655
5842,17.177268,77.282355
5838,17.273707,76.420678
5845,16.768904,77.138038
7390,16.457941,76.517093
5870,13.137000,78.133961
5874,13.339114,78.211368
5864,13.783537,77.795976
5869,13.975661,77.105252
5867,13.398659,78.053306
5873,13.388522,77.864133
5769,13.095302,77.396359
5766,13.073014,77.792138
5770,12.725277,77.280480
5767,12.545027,77.419910
5768,12.956735,77.224228
5844,16.492445,76.564197
