unit_id,country_code,level,name,name_variants,parent_unit_id,external_code,population,source_name,source_url
IN-KA,IN,1,Karnataka,,IN,29,,"Jal Jeevan Mission (DDWS, Ministry of Jal Shakti)",https://ejalshakti.gov.in/jjmreport/JJMBlockMapView.aspx
IN-KA-BELAGAVI,IN,2,Belagavi,Belgaum|ಬೆಳಗಾವಿ,IN-KA,527,,Local Government Directory (Ministry of Panchayati Raj),https://lgdirectory.gov.in/
IN-KA-BELAGAVI-SAVADATHI,IN,3,Savadathi,,IN-KA-BELAGAVI,5778,,Local Government Directory (Ministry of Panchayati Raj),https://lgdirectory.gov.in/
IN-KA-BELAGAVI-YARAGATTI,IN,3,Yaragatti,,IN-KA-BELAGAVI,7528,,Local Government Directory (Ministry of Panchayati Raj),https://lgdirectory.gov.in/
IN-KA-BELAGAVI-KITTUR,IN,3,Kittur,,IN-KA-BELAGAVI,7364,,Local Government Directory (Ministry of Panchayati Raj),https://lgdirectory.gov.in/
IN-KA-BELAGAVI-BYLAHONGAL,IN,3,Bylahongal,,IN-KA-BELAGAVI,5773,,Local Government Directory (Ministry of Panchayati Raj),https://lgdirectory.gov.in/
IN-KA-BELAGAVI-KHANAPUR,IN,3,Khanapur,,IN-KA-BELAGAVI,5777,,Local Government Directory (Ministry of Panchayati Raj),https://lgdirectory.gov.in/
IN-KA-BELAGAVI-RAMDURG,IN,3,Ramdurg,,IN-KA-BELAGAVI,5779,,Local Government Directory (Ministry of Panchayati Raj),https://lgdirectory.gov.in/
IN-KA-BELAGAVI-KAGAWADA,IN,3,Kagawada,,IN-KA-BELAGAVI,7372,,Local Government Directory (Ministry of Panchayati Raj),https://lgdirectory.gov.in/
IN-KA-BELAGAVI-MUDALAGI,IN,3,Mudalagi,,IN-KA-BELAGAVI,7373,,Local Government Directory (Ministry of Panchayati Raj),https://lgdirectory.gov.in/
IN-KA-BELAGAVI-ATHNI,IN,3,Athni,,IN-KA-BELAGAVI,5771,,Local Government Directory (Ministry of Panchayati Raj),https://lgdirectory.gov.in/
IN-KA-BELAGAVI-CHIKODI,IN,3,Chikodi,,IN-KA-BELAGAVI,5774,,Local Government Directory (Ministry of Panchayati Raj),https://lgdirectory.gov.in/
IN-KA-BELAGAVI-HUKERI,IN,3,Hukeri,,IN-KA-BELAGAVI,5776,,Local Government Directory (Ministry of Panchayati Raj),https://lgdirectory.gov.in/
IN-KA-BELAGAVI-GOKAK,IN,3,Gokak,,IN-KA-BELAGAVI,5775,,Local Government Directory (Ministry of Panchayati Raj),https://lgdirectory.gov.in/
IN-KA-BELAGAVI-BELAGAVI,IN,3,Belagavi,Belgaum|ಬೆಳಗಾವಿ,IN-KA-BELAGAVI,5772,,Local Government Directory (Ministry of Panchayati Raj),https://lgdirectory.gov.in/
IN-KA-BELAGAVI-RAYBAG,IN,3,Raybag,,IN-KA-BELAGAVI,5780,,Local Government Directory (Ministry of Panchayati Raj),https://lgdirectory.gov.in/
IN-KA-BELAGAVI-NIPPANI,IN,3,Nippani,,IN-KA-BELAGAVI,7374,,Local Government Directory (Ministry of Panchayati Raj),https://lgdirectory.gov.in/
IN-KA-BAGALKOTE,IN,2,Bagalkote,Bagalkot|ಬಾಗಲಕೋಟೆ,IN-KA,524,,Local Government Directory (Ministry of Panchayati Raj),https://lgdirectory.gov.in/
IN-KA-BAGALKOTE-GULEDAGUDDA,IN,3,Guledagudda,,IN-KA-BAGALKOTE,7368,,Local Government Directory (Ministry of Panchayati Raj),https://lgdirectory.gov.in/
IN-KA-BAGALKOTE-BADAMI,IN,3,Badami,,IN-KA-BAGALKOTE,5753,,Local Government Directory (Ministry of Panchayati Raj),https://lgdirectory.gov.in/
IN-KA-BAGALKOTE-MUDHOL,IN,3,Mudhol,,IN-KA-BAGALKOTE,5758,,Local Government Directory (Ministry of Panchayati Raj),https://lgdirectory.gov.in/
IN-KA-BAGALKOTE-JAMKHANDI,IN,3,Jamkhandi,,IN-KA-BAGALKOTE,5757,,Local Government Directory (Ministry of Panchayati Raj),https://lgdirectory.gov.in/
IN-KA-BAGALKOTE-RABAKAVI-BANAHATTI,IN,3,Rabakavi Banahatti,,IN-KA-BAGALKOTE,7370,,Local Government Directory (Ministry of Panchayati Raj),https://lgdirectory.gov.in/
IN-KA-BAGALKOTE-HUNGUND,IN,3,Hungund,,IN-KA-BAGALKOTE,5756,,Local Government Directory (Ministry of Panchayati Raj),https://lgdirectory.gov.in/
IN-KA-BAGALKOTE-ILKAL,IN,3,Ilkal,,IN-KA-BAGALKOTE,7369,,Local Government Directory (Ministry of Panchayati Raj),https://lgdirectory.gov.in/
IN-KA-BAGALKOTE-BAGALKOT,IN,3,Bagalkot,Bagalkote,IN-KA-BAGALKOTE,5754,,Local Government Directory (Ministry of Panchayati Raj),https://lgdirectory.gov.in/
IN-KA-BAGALKOTE-BILAGI,IN,3,Bilagi,,IN-KA-BAGALKOTE,5755,,Local Government Directory (Ministry of Panchayati Raj),https://lgdirectory.gov.in/
IN-KA-VIJAYAPURA,IN,2,Vijayapura,Bijapur|Vijayapur|ವಿಜಯಪುರ,IN-KA,530,,Local Government Directory (Ministry of Panchayati Raj),https://lgdirectory.gov.in/
IN-KA-VIJAYAPURA-KOLHAR,IN,3,Kolhar,,IN-KA-VIJAYAPURA,7395,,Local Government Directory (Ministry of Panchayati Raj),https://lgdirectory.gov.in/
IN-KA-VIJAYAPURA-THALIKOTI,IN,3,Thalikoti,,IN-KA-VIJAYAPURA,7398,,Local Government Directory (Ministry of Panchayati Raj),https://lgdirectory.gov.in/
IN-KA-VIJAYAPURA-MUDDEBIHAL,IN,3,Muddebihal,,IN-KA-VIJAYAPURA,5796,,Local Government Directory (Ministry of Panchayati Raj),https://lgdirectory.gov.in/
IN-KA-VIJAYAPURA-NIDAGUNDI,IN,3,Nidagundi,,IN-KA-VIJAYAPURA,7396,,Local Government Directory (Ministry of Panchayati Raj),https://lgdirectory.gov.in/
IN-KA-VIJAYAPURA-CHADACHAN,IN,3,Chadachan,,IN-KA-VIJAYAPURA,7393,,Local Government Directory (Ministry of Panchayati Raj),https://lgdirectory.gov.in/
IN-KA-VIJAYAPURA-INDI,IN,3,Indi,,IN-KA-VIJAYAPURA,5795,,Local Government Directory (Ministry of Panchayati Raj),https://lgdirectory.gov.in/
IN-KA-VIJAYAPURA-SINDAGI,IN,3,Sindagi,,IN-KA-VIJAYAPURA,5797,,Local Government Directory (Ministry of Panchayati Raj),https://lgdirectory.gov.in/
IN-KA-VIJAYAPURA-BASAVANA-BAGEWADI,IN,3,Basavana Bagewadi,,IN-KA-VIJAYAPURA,5793,,Local Government Directory (Ministry of Panchayati Raj),https://lgdirectory.gov.in/
IN-KA-VIJAYAPURA-ALMEL,IN,3,Almel,,IN-KA-VIJAYAPURA,7485,,Local Government Directory (Ministry of Panchayati Raj),https://lgdirectory.gov.in/
IN-KA-VIJAYAPURA-VIJAYAPURA,IN,3,Vijayapura,Bijapur|Vijayapur|ವಿಜಯಪುರ,IN-KA-VIJAYAPURA,5794,,Local Government Directory (Ministry of Panchayati Raj),https://lgdirectory.gov.in/
IN-KA-VIJAYAPURA-THIKOTA,IN,3,Thikota,,IN-KA-VIJAYAPURA,7399,,Local Government Directory (Ministry of Panchayati Raj),https://lgdirectory.gov.in/
IN-KA-VIJAYAPURA-BABALESHWAR,IN,3,Babaleshwar,,IN-KA-VIJAYAPURA,7392,,Local Government Directory (Ministry of Panchayati Raj),https://lgdirectory.gov.in/
IN-KA-VIJAYAPURA-DEVARA-HIPPARAGI,IN,3,Devara Hipparagi,,IN-KA-VIJAYAPURA,7394,,Local Government Directory (Ministry of Panchayati Raj),https://lgdirectory.gov.in/
IN-KA-BIDAR,IN,2,Bidar,,IN-KA,529,,Local Government Directory (Ministry of Panchayati Raj),https://lgdirectory.gov.in/
IN-KA-BIDAR-BASAVAKALYAN,IN,3,Basavakalyan,,IN-KA-BIDAR,5789,,Local Government Directory (Ministry of Panchayati Raj),https://lgdirectory.gov.in/
IN-KA-BIDAR-CHITTAGUPPA,IN,3,Chittaguppa,,IN-KA-BIDAR,7430,,Local Government Directory (Ministry of Panchayati Raj),https://lgdirectory.gov.in/
IN-KA-BIDAR-HUMNABAD,IN,3,Humnabad,,IN-KA-BIDAR,5792,,Local Government Directory (Ministry of Panchayati Raj),https://lgdirectory.gov.in/
IN-KA-BIDAR-BIDAR,IN,3,Bidar,,IN-KA-BIDAR,5791,,Local Government Directory (Ministry of Panchayati Raj),https://lgdirectory.gov.in/
IN-KA-BIDAR-BHALKI,IN,3,Bhalki,,IN-KA-BIDAR,5790,,Local Government Directory (Ministry of Panchayati Raj),https://lgdirectory.gov.in/
IN-KA-BIDAR-AURAD,IN,3,Aurad,,IN-KA-BIDAR,5788,,Local Government Directory (Ministry of Panchayati Raj),https://lgdirectory.gov.in/
IN-KA-BIDAR-KAMALANAGARA,IN,3,Kamalanagara,,IN-KA-BIDAR,7432,,Local Government Directory (Ministry of Panchayati Raj),https://lgdirectory.gov.in/
IN-KA-BIDAR-HULASURU,IN,3,Hulasuru,,IN-KA-BIDAR,7431,,Local Government Directory (Ministry of Panchayati Raj),https://lgdirectory.gov.in/
IN-KA-RAICHUR,IN,2,Raichur,ರಾಯಚೂರು,IN-KA,546,,Local Government Directory (Ministry of Panchayati Raj),https://lgdirectory.gov.in/
IN-KA-RAICHUR-MANVI,IN,3,Manvi,,IN-KA-RAICHUR,5895,,Local Government Directory (Ministry of Panchayati Raj),https://lgdirectory.gov.in/
IN-KA-RAICHUR-SIRAWARA,IN,3,Sirawara,,IN-KA-RAICHUR,7415,,Local Government Directory (Ministry of Panchayati Raj),https://lgdirectory.gov.in/
IN-KA-RAICHUR-MASKI,IN,3,Maski,,IN-KA-RAICHUR,7414,,Local Government Directory (Ministry of Panchayati Raj),https://lgdirectory.gov.in/
IN-KA-RAICHUR-DEVADURGA,IN,3,Devadurga,,IN-KA-RAICHUR,5893,,Local Government Directory (Ministry of Panchayati Raj),https://lgdirectory.gov.in/
IN-KA-RAICHUR-RAICHUR,IN,3,Raichur,ರಾಯಚೂರು,IN-KA-RAICHUR,5896,,Local Government Directory (Ministry of Panchayati Raj),https://lgdirectory.gov.in/
IN-KA-RAICHUR-LINGSUGUR,IN,3,Lingsugur,,IN-KA-RAICHUR,5894,,Local Government Directory (Ministry of Panchayati Raj),https://lgdirectory.gov.in/
IN-KA-RAICHUR-SINDHANUR,IN,3,Sindhanur,,IN-KA-RAICHUR,5897,,Local Government Directory (Ministry of Panchayati Raj),https://lgdirectory.gov.in/
IN-KA-KOPPAL,IN,2,Koppal,,IN-KA,543,,Local Government Directory (Ministry of Panchayati Raj),https://lgdirectory.gov.in/
IN-KA-KOPPAL-KANAKAGIRI,IN,3,Kanakagiri,,IN-KA-KOPPAL,7410,,Local Government Directory (Ministry of Panchayati Raj),https://lgdirectory.gov.in/
IN-KA-KOPPAL-KARATAGI,IN,3,Karatagi,,IN-KA-KOPPAL,7411,,Local Government Directory (Ministry of Panchayati Raj),https://lgdirectory.gov.in/
IN-KA-KOPPAL-KUSHTAGI,IN,3,Kushtagi,,IN-KA-KOPPAL,5877,,Local Government Directory (Ministry of Panchayati Raj),https://lgdirectory.gov.in/
IN-KA-KOPPAL-KUKUNOOR,IN,3,Kukunoor,,IN-KA-KOPPAL,7412,,Local Government Directory (Ministry of Panchayati Raj),https://lgdirectory.gov.in/
IN-KA-KOPPAL-YELBURGA,IN,3,Yelburga,,IN-KA-KOPPAL,5878,,Local Government Directory (Ministry of Panchayati Raj),https://lgdirectory.gov.in/
IN-KA-KOPPAL-KOPPAL,IN,3,Koppal,,IN-KA-KOPPAL,5876,,Local Government Directory (Ministry of Panchayati Raj),https://lgdirectory.gov.in/
IN-KA-KOPPAL-GANGAVATHI,IN,3,Gangavathi,,IN-KA-KOPPAL,5875,,Local Government Directory (Ministry of Panchayati Raj),https://lgdirectory.gov.in/
IN-KA-GADAG,IN,2,Gadag,,IN-KA,537,,Local Government Directory (Ministry of Panchayati Raj),https://lgdirectory.gov.in/
IN-KA-GADAG-GADAG,IN,3,Gadag,,IN-KA-GADAG,5831,,Local Government Directory (Ministry of Panchayati Raj),https://lgdirectory.gov.in/
IN-KA-GADAG-GAJENDRAGAD,IN,3,Gajendragad,,IN-KA-GADAG,7421,,Local Government Directory (Ministry of Panchayati Raj),https://lgdirectory.gov.in/
IN-KA-GADAG-LAXMESHWAR,IN,3,Laxmeshwar,,IN-KA-GADAG,7422,,Local Government Directory (Ministry of Panchayati Raj),https://lgdirectory.gov.in/
IN-KA-GADAG-MUNDARAGI,IN,3,Mundaragi,,IN-KA-GADAG,5832,,Local Government Directory (Ministry of Panchayati Raj),https://lgdirectory.gov.in/
IN-KA-GADAG-NARAGUND,IN,3,Naragund,,IN-KA-GADAG,5833,,Local Government Directory (Ministry of Panchayati Raj),https://lgdirectory.gov.in/
IN-KA-GADAG-RON,IN,3,Ron,,IN-KA-GADAG,5834,,Local Government Directory (Ministry of Panchayati Raj),https://lgdirectory.gov.in/
IN-KA-GADAG-SHIRAHATTI,IN,3,Shirahatti,,IN-KA-GADAG,5835,,Local Government Directory (Ministry of Panchayati Raj),https://lgdirectory.gov.in/
IN-KA-DHARWAD,IN,2,Dharwad,,IN-KA,536,,Local Government Directory (Ministry of Panchayati Raj),https://lgdirectory.gov.in/
IN-KA-DHARWAD-ANNIGERI,IN,3,Annigeri,,IN-KA-DHARWAD,7425,,Local Government Directory (Ministry of Panchayati Raj),https://lgdirectory.gov.in/
IN-KA-DHARWAD-HUBBALLI,IN,3,Hubballi,Hubli,IN-KA-DHARWAD,5827,,Local Government Directory (Ministry of Panchayati Raj),https://lgdirectory.gov.in/
IN-KA-DHARWAD-KALGHATGI,IN,3,Kalghatgi,,IN-KA-DHARWAD,5828,,Local Government Directory (Ministry of Panchayati Raj),https://lgdirectory.gov.in/
IN-KA-DHARWAD-KUNDGOL,IN,3,Kundgol,,IN-KA-DHARWAD,5829,,Local Government Directory (Ministry of Panchayati Raj),https://lgdirectory.gov.in/
IN-KA-DHARWAD-NAVALGUND,IN,3,Navalgund,,IN-KA-DHARWAD,5830,,Local Government Directory (Ministry of Panchayati Raj),https://lgdirectory.gov.in/
IN-KA-DHARWAD-DHARWAD,IN,3,Dharwad,,IN-KA-DHARWAD,5826,,Local Government Directory (Ministry of Panchayati Raj),https://lgdirectory.gov.in/
IN-KA-DHARWAD-ALNAVAR,IN,3,Alnavar,,IN-KA-DHARWAD,7423,,Local Government Directory (Ministry of Panchayati Raj),https://lgdirectory.gov.in/
IN-KA-UTTARA-KANNADA,IN,2,Uttara Kannada,North Canara|Uttar Kannada|Karwar,IN-KA,550,,Local Government Directory (Ministry of Panchayati Raj),https://lgdirectory.gov.in/
IN-KA-UTTARA-KANNADA-HALIYAL,IN,3,Haliyal,,IN-KA-UTTARA-KANNADA,5920,,Local Government Directory (Ministry of Panchayati Raj),https://lgdirectory.gov.in/
IN-KA-UTTARA-KANNADA-DANDELI,IN,3,Dandeli,,IN-KA-UTTARA-KANNADA,7400,,Local Government Directory (Ministry of Panchayati Raj),https://lgdirectory.gov.in/
IN-KA-UTTARA-KANNADA-MUNDGOD,IN,3,Mundgod,,IN-KA-UTTARA-KANNADA,5924,,Local Government Directory (Ministry of Panchayati Raj),https://lgdirectory.gov.in/
IN-KA-UTTARA-KANNADA-SUPA,IN,3,Supa,,IN-KA-UTTARA-KANNADA,5927,,Local Government Directory (Ministry of Panchayati Raj),https://lgdirectory.gov.in/
IN-KA-UTTARA-KANNADA-YELLAPUR,IN,3,Yellapur,,IN-KA-UTTARA-KANNADA,5928,,Local Government Directory (Ministry of Panchayati Raj),https://lgdirectory.gov.in/
IN-KA-UTTARA-KANNADA-SIDDAPUR,IN,3,Siddapur,,IN-KA-UTTARA-KANNADA,5925,,Local Government Directory (Ministry of Panchayati Raj),https://lgdirectory.gov.in/
IN-KA-UTTARA-KANNADA-KUMTA,IN,3,Kumta,,IN-KA-UTTARA-KANNADA,5923,,Local Government Directory (Ministry of Panchayati Raj),https://lgdirectory.gov.in/
IN-KA-UTTARA-KANNADA-SIRSI,IN,3,Sirsi,,IN-KA-UTTARA-KANNADA,5926,,Local Government Directory (Ministry of Panchayati Raj),https://lgdirectory.gov.in/
IN-KA-UTTARA-KANNADA-BHATKAL,IN,3,Bhatkal,,IN-KA-UTTARA-KANNADA,5919,,Local Government Directory (Ministry of Panchayati Raj),https://lgdirectory.gov.in/
IN-KA-UTTARA-KANNADA-KARWAR,IN,3,Karwar,Uttara Kannada,IN-KA-UTTARA-KANNADA,5922,,Local Government Directory (Ministry of Panchayati Raj),https://lgdirectory.gov.in/
IN-KA-UTTARA-KANNADA-ANKOLA,IN,3,Ankola,,IN-KA-UTTARA-KANNADA,5918,,Local Government Directory (Ministry of Panchayati Raj),https://lgdirectory.gov.in/
IN-KA-UTTARA-KANNADA-HONAVAR,IN,3,Honavar,,IN-KA-UTTARA-KANNADA,5921,,Local Government Directory (Ministry of Panchayati Raj),https://lgdirectory.gov.in/
IN-KA-HAVERI,IN,2,Haveri,,IN-KA,540,,Local Government Directory (Ministry of Panchayati Raj),https://lgdirectory.gov.in/
IN-KA-HAVERI-RANEBENNUR,IN,3,Ranebennur,,IN-KA-HAVERI,5858,,Local Government Directory (Ministry of Panchayati Raj),https://lgdirectory.gov.in/
IN-KA-HAVERI-SAVANUR,IN,3,Savanur,,IN-KA-HAVERI,5859,,Local Government Directory (Ministry of Panchayati Raj),https://lgdirectory.gov.in/
IN-KA-HAVERI-SHIGGAON,IN,3,Shiggaon,,IN-KA-HAVERI,5860,,Local Government Directory (Ministry of Panchayati Raj),https://lgdirectory.gov.in/
IN-KA-HAVERI-HAVERI,IN,3,Haveri,,IN-KA-HAVERI,5856,,Local Government Directory (Ministry of Panchayati Raj),https://lgdirectory.gov.in/
IN-KA-HAVERI-BYADGI,IN,3,Byadgi,,IN-KA-HAVERI,5854,,Local Government Directory (Ministry of Panchayati Raj),https://lgdirectory.gov.in/
IN-KA-HAVERI-HANAGAL,IN,3,Hanagal,,IN-KA-HAVERI,5855,,Local Government Directory (Ministry of Panchayati Raj),https://lgdirectory.gov.in/
IN-KA-HAVERI-RATTIHALLI,IN,3,Rattihalli,,IN-KA-HAVERI,7420,,Local Government Directory (Ministry of Panchayati Raj),https://lgdirectory.gov.in/
IN-KA-HAVERI-HIREKERUR,IN,3,Hirekerur,,IN-KA-HAVERI,5857,,Local Government Directory (Ministry of Panchayati Raj),https://lgdirectory.gov.in/
IN-KA-BALLARI,IN,2,Ballari,Bellary|ಬಳ್ಳಾರಿ,IN-KA,528,,Local Government Directory (Ministry of Panchayati Raj),https://lgdirectory.gov.in/
IN-KA-BALLARI-BALLARI,IN,3,Ballari,Bellary|ಬಳ್ಳಾರಿ,IN-KA-BALLARI,5781,,Local Government Directory (Ministry of Panchayati Raj),https://lgdirectory.gov.in/
IN-KA-BALLARI-KURUGODU,IN,3,Kurugodu,,IN-KA-BALLARI,7377,,Local Government Directory (Ministry of Panchayati Raj),https://lgdirectory.gov.in/
IN-KA-BALLARI-KAMPLI,IN,3,Kampli,,IN-KA-BALLARI,7375,,Local Government Directory (Ministry of Panchayati Raj),https://lgdirectory.gov.in/
IN-KA-BALLARI-SIRUGUPPA,IN,3,Siruguppa,,IN-KA-BALLARI,5787,,Local Government Directory (Ministry of Panchayati Raj),https://lgdirectory.gov.in/
IN-KA-BALLARI-SANDUR,IN,3,Sandur,,IN-KA-BALLARI,5786,,Local Government Directory (Ministry of Panchayati Raj),https://lgdirectory.gov.in/
IN-KA-CHITRADURGA,IN,2,Chitradurga,ಚಿತ್ರದುರ್ಗ,IN-KA,533,,Local Government Directory (Ministry of Panchayati Raj),https://lgdirectory.gov.in/
IN-KA-CHITRADURGA-HOSDURGA,IN,3,Hosdurga,,IN-KA-CHITRADURGA,5813,,Local Government Directory (Ministry of Panchayati Raj),https://lgdirectory.gov.in/
IN-KA-CHITRADURGA-HOLALKERE,IN,3,Holalkere,,IN-KA-CHITRADURGA,5812,,Local Government Directory (Ministry of Panchayati Raj),https://lgdirectory.gov.in/
IN-KA-CHITRADURGA-CHITRADURGA,IN,3,Chitradurga,ಚಿತ್ರದುರ್ಗ,IN-KA-CHITRADURGA,5810,,Local Government Directory (Ministry of Panchayati Raj),https://lgdirectory.gov.in/
IN-KA-CHITRADURGA-MOLAKALMURU,IN,3,Molakalmuru,,IN-KA-CHITRADURGA,5814,,Local Government Directory (Ministry of Panchayati Raj),https://lgdirectory.gov.in/
IN-KA-CHITRADURGA-CHALLAKERE,IN,3,Challakere,,IN-KA-CHITRADURGA,5809,,Local Government Directory (Ministry of Panchayati Raj),https://lgdirectory.gov.in/
IN-KA-CHITRADURGA-HIRIYUR,IN,3,Hiriyur,,IN-KA-CHITRADURGA,5811,,Local Government Directory (Ministry of Panchayati Raj),https://lgdirectory.gov.in/
IN-KA-DAVANGERE,IN,2,Davangere,,IN-KA,535,,Local Government Directory (Ministry of Panchayati Raj),https://lgdirectory.gov.in/
IN-KA-DAVANGERE-HARIHARA,IN,3,Harihara,,IN-KA-DAVANGERE,5823,,Local Government Directory (Ministry of Panchayati Raj),https://lgdirectory.gov.in/
IN-KA-DAVANGERE-CHANNAGIRI,IN,3,Channagiri,,IN-KA-DAVANGERE,5820,,Local Government Directory (Ministry of Panchayati Raj),https://lgdirectory.gov.in/
IN-KA-DAVANGERE-HONNALI,IN,3,Honnali,,IN-KA-DAVANGERE,5824,,Local Government Directory (Ministry of Panchayati Raj),https://lgdirectory.gov.in/
IN-KA-DAVANGERE-NYAMATHI,IN,3,Nyamathi,,IN-KA-DAVANGERE,7426,,Local Government Directory (Ministry of Panchayati Raj),https://lgdirectory.gov.in/
IN-KA-DAVANGERE-DAVANAGERE,IN,3,Davanagere,,IN-KA-DAVANGERE,5821,,Local Government Directory (Ministry of Panchayati Raj),https://lgdirectory.gov.in/
IN-KA-DAVANGERE-JAGALUR,IN,3,Jagalur,,IN-KA-DAVANGERE,5825,,Local Government Directory (Ministry of Panchayati Raj),https://lgdirectory.gov.in/
IN-KA-SHIVAMOGGA,IN,2,Shivamogga,Shimoga|ಶಿವಮೊಗ್ಗ,IN-KA,547,,Local Government Directory (Ministry of Panchayati Raj),https://lgdirectory.gov.in/
IN-KA-SHIVAMOGGA-SHIKARPUR,IN,3,Shikarpur,,IN-KA-SHIVAMOGGA,5901,,Local Government Directory (Ministry of Panchayati Raj),https://lgdirectory.gov.in/
IN-KA-SHIVAMOGGA-BHADRAVATI,IN,3,Bhadravati,,IN-KA-SHIVAMOGGA,5898,,Local Government Directory (Ministry of Panchayati Raj),https://lgdirectory.gov.in/
IN-KA-SHIVAMOGGA-SAGAR,IN,3,Sagar,,IN-KA-SHIVAMOGGA,5900,,Local Government Directory (Ministry of Panchayati Raj),https://lgdirectory.gov.in/
IN-KA-SHIVAMOGGA-SHIVAMOGGA,IN,3,Shivamogga,Shimoga|ಶಿವಮೊಗ್ಗ,IN-KA-SHIVAMOGGA,5902,,Local Government Directory (Ministry of Panchayati Raj),https://lgdirectory.gov.in/
IN-KA-SHIVAMOGGA-SORAB,IN,3,Sorab,,IN-KA-SHIVAMOGGA,5903,,Local Government Directory (Ministry of Panchayati Raj),https://lgdirectory.gov.in/
IN-KA-SHIVAMOGGA-TIRTHAHALLI,IN,3,Tirthahalli,,IN-KA-SHIVAMOGGA,5904,,Local Government Directory (Ministry of Panchayati Raj),https://lgdirectory.gov.in/
IN-KA-SHIVAMOGGA-HOSANAGARA,IN,3,Hosanagara,,IN-KA-SHIVAMOGGA,5899,,Local Government Directory (Ministry of Panchayati Raj),https://lgdirectory.gov.in/
IN-KA-UDUPI,IN,2,Udupi,,IN-KA,549,,Local Government Directory (Ministry of Panchayati Raj),https://lgdirectory.gov.in/
IN-KA-UDUPI-KARKAL,IN,3,Karkal,,IN-KA-UDUPI,5915,,Local Government Directory (Ministry of Panchayati Raj),https://lgdirectory.gov.in/
IN-KA-UDUPI-HEBRI,IN,3,Hebri,,IN-KA-UDUPI,7433,,Local Government Directory (Ministry of Panchayati Raj),https://lgdirectory.gov.in/
IN-KA-UDUPI-UDUPI,IN,3,Udupi,,IN-KA-UDUPI,5917,,Local Government Directory (Ministry of Panchayati Raj),https://lgdirectory.gov.in/
IN-KA-UDUPI-BRAHMAVARA,IN,3,Brahmavara,,IN-KA-UDUPI,7416,,Local Government Directory (Ministry of Panchayati Raj),https://lgdirectory.gov.in/
IN-KA-UDUPI-KUNDAPURA,IN,3,Kundapura,,IN-KA-UDUPI,5916,,Local Government Directory (Ministry of Panchayati Raj),https://lgdirectory.gov.in/
IN-KA-UDUPI-KAPU,IN,3,Kapu,,IN-KA-UDUPI,7434,,Local Government Directory (Ministry of Panchayati Raj),https://lgdirectory.gov.in/
IN-KA-UDUPI-BAINDURU,IN,3,Bainduru,,IN-KA-UDUPI,7417,,Local Government Directory (Ministry of Panchayati Raj),https://lgdirectory.gov.in/
IN-KA-CHIKKAMAGALURU,IN,2,Chikkamagaluru,Chikmagalur|Chickmagalur|ಚಿಕ್ಕಮಗಳೂರು,IN-KA,532,,Local Government Directory (Ministry of Panchayati Raj),https://lgdirectory.gov.in/
IN-KA-CHIKKAMAGALURU-SRINGERI,IN,3,Sringeri,,IN-KA-CHIKKAMAGALURU,5807,,Local Government Directory (Ministry of Panchayati Raj),https://lgdirectory.gov.in/
IN-KA-CHIKKAMAGALURU-AJJAMPURA,IN,3,Ajjampura,,IN-KA-CHIKKAMAGALURU,7379,,Local Government Directory (Ministry of Panchayati Raj),https://lgdirectory.gov.in/
IN-KA-CHIKKAMAGALURU-NARASIMHARAJAPURA,IN,3,Narasimharajapura,,IN-KA-CHIKKAMAGALURU,5806,,Local Government Directory (Ministry of Panchayati Raj),https://lgdirectory.gov.in/
IN-KA-CHIKKAMAGALURU-KADUR,IN,3,Kadur,,IN-KA-CHIKKAMAGALURU,5803,,Local Government Directory (Ministry of Panchayati Raj),https://lgdirectory.gov.in/
IN-KA-CHIKKAMAGALURU-TARIKERE,IN,3,Tarikere,,IN-KA-CHIKKAMAGALURU,5808,,Local Government Directory (Ministry of Panchayati Raj),https://lgdirectory.gov.in/
IN-KA-CHIKKAMAGALURU-CHIKKAMAGALURU,IN,3,Chikkamagaluru,Chikmagalur|Chickmagalur|ಚಿಕ್ಕಮಗಳೂರು,IN-KA-CHIKKAMAGALURU,5802,,Local Government Directory (Ministry of Panchayati Raj),https://lgdirectory.gov.in/
IN-KA-CHIKKAMAGALURU-KOPPA,IN,3,Koppa,,IN-KA-CHIKKAMAGALURU,5804,,Local Government Directory (Ministry of Panchayati Raj),https://lgdirectory.gov.in/
IN-KA-CHIKKAMAGALURU-MUDIGERE,IN,3,Mudigere,,IN-KA-CHIKKAMAGALURU,5805,,Local Government Directory (Ministry of Panchayati Raj),https://lgdirectory.gov.in/
IN-KA-CHIKKAMAGALURU-KALASA,IN,3,Kalasa,,IN-KA-CHIKKAMAGALURU,7497,,Local Government Directory (Ministry of Panchayati Raj),https://lgdirectory.gov.in/
IN-KA-TUMAKURU,IN,2,Tumakuru,Tumkur|ತುಮಕೂರು,IN-KA,548,,Local Government Directory (Ministry of Panchayati Raj),https://lgdirectory.gov.in/
IN-KA-TUMAKURU-CHIKNAYAKANHALLI,IN,3,Chiknayakanhalli,,IN-KA-TUMAKURU,5905,,Local Government Directory (Ministry of Panchayati Raj),https://lgdirectory.gov.in/
IN-KA-TUMAKURU-PAVAGADA,IN,3,Pavagada,,IN-KA-TUMAKURU,5910,,Local Government Directory (Ministry of Panchayati Raj),https://lgdirectory.gov.in/
IN-KA-TUMAKURU-TUMAKURU,IN,3,Tumakuru,Tumkur|ತುಮಕೂರು,IN-KA-TUMAKURU,5913,,Local Government Directory (Ministry of Panchayati Raj),https://lgdirectory.gov.in/
IN-KA-TUMAKURU-KORATAGERE,IN,3,Koratagere,,IN-KA-TUMAKURU,5907,,Local Government Directory (Ministry of Panchayati Raj),https://lgdirectory.gov.in/
IN-KA-TUMAKURU-KUNIGAL,IN,3,Kunigal,,IN-KA-TUMAKURU,5908,,Local Government Directory (Ministry of Panchayati Raj),https://lgdirectory.gov.in/
IN-KA-TUMAKURU-GUBBI,IN,3,Gubbi,,IN-KA-TUMAKURU,5906,,Local Government Directory (Ministry of Panchayati Raj),https://lgdirectory.gov.in/
IN-KA-TUMAKURU-MADHUGIRI,IN,3,Madhugiri,,IN-KA-TUMAKURU,5909,,Local Government Directory (Ministry of Panchayati Raj),https://lgdirectory.gov.in/
IN-KA-TUMAKURU-TIPTUR,IN,3,Tiptur,,IN-KA-TUMAKURU,5912,,Local Government Directory (Ministry of Panchayati Raj),https://lgdirectory.gov.in/
IN-KA-TUMAKURU-TURUVEKERE,IN,3,Turuvekere,,IN-KA-TUMAKURU,5914,,Local Government Directory (Ministry of Panchayati Raj),https://lgdirectory.gov.in/
IN-KA-TUMAKURU-SIRA,IN,3,Sira,,IN-KA-TUMAKURU,5911,,Local Government Directory (Ministry of Panchayati Raj),https://lgdirectory.gov.in/
IN-KA-BENGALURU-URBAN,IN,2,Bengaluru Urban,Bangalore Urban|Bengaluru|Bangalore|ಬೆಂಗಳೂರು,IN-KA,525,,Local Government Directory (Ministry of Panchayati Raj),https://lgdirectory.gov.in/
IN-KA-BENGALURU-URBAN-BENGALURU-EAST,IN,3,Bengaluru East,,IN-KA-BENGALURU-URBAN,5760,,Local Government Directory (Ministry of Panchayati Raj),https://lgdirectory.gov.in/
IN-KA-BENGALURU-URBAN-BENGALURU-NORTH,IN,3,Bengaluru North,,IN-KA-BENGALURU-URBAN,5761,,Local Government Directory (Ministry of Panchayati Raj),https://lgdirectory.gov.in/
IN-KA-BENGALURU-URBAN-YELAHANKA,IN,3,Yelahanka,,IN-KA-BENGALURU-URBAN,7371,,Local Government Directory (Ministry of Panchayati Raj),https://lgdirectory.gov.in/
IN-KA-BENGALURU-URBAN-ANEKAL,IN,3,Anekal,,IN-KA-BENGALURU-URBAN,5759,,Local Government Directory (Ministry of Panchayati Raj),https://lgdirectory.gov.in/
IN-KA-BENGALURU-URBAN-BENGALURU-SOUTH,IN,3,Bengaluru South,,IN-KA-BENGALURU-URBAN,5762,,Local Government Directory (Ministry of Panchayati Raj),https://lgdirectory.gov.in/
IN-KA-MANDYA,IN,2,Mandya,,IN-KA,544,,Local Government Directory (Ministry of Panchayati Raj),https://lgdirectory.gov.in/
IN-KA-MANDYA-MADDUR,IN,3,Maddur,,IN-KA-MANDYA,5880,,Local Government Directory (Ministry of Panchayati Raj),https://lgdirectory.gov.in/
IN-KA-MANDYA-PANDAVAPURA,IN,3,Pandavapura,,IN-KA-MANDYA,5884,,Local Government Directory (Ministry of Panchayati Raj),https://lgdirectory.gov.in/
IN-KA-MANDYA-SHRIRANGAPATTANA,IN,3,Shrirangapattana,,IN-KA-MANDYA,5885,,Local Government Directory (Ministry of Panchayati Raj),https://lgdirectory.gov.in/
IN-KA-MANDYA-MANDYA,IN,3,Mandya,,IN-KA-MANDYA,5882,,Local Government Directory (Ministry of Panchayati Raj),https://lgdirectory.gov.in/
IN-KA-MANDYA-KRISHNARAJPET,IN,3,Krishnarajpet,,IN-KA-MANDYA,5879,,Local Government Directory (Ministry of Panchayati Raj),https://lgdirectory.gov.in/
IN-KA-MANDYA-MALVALLI,IN,3,Malvalli,,IN-KA-MANDYA,5881,,Local Government Directory (Ministry of Panchayati Raj),https://lgdirectory.gov.in/
IN-KA-MANDYA-NAGAMANGALA,IN,3,Nagamangala,,IN-KA-MANDYA,5883,,Local Government Directory (Ministry of Panchayati Raj),https://lgdirectory.gov.in/
IN-KA-HASSAN,IN,2,Hassan,,IN-KA,539,,Local Government Directory (Ministry of Panchayati Raj),https://lgdirectory.gov.in/
IN-KA-HASSAN-ARSIKERE,IN,3,Arsikere,,IN-KA-HASSAN,5848,,Local Government Directory (Ministry of Panchayati Raj),https://lgdirectory.gov.in/
IN-KA-HASSAN-HOLENARSIPUR,IN,3,Holenarsipur,,IN-KA-HASSAN,5852,,Local Government Directory (Ministry of Panchayati Raj),https://lgdirectory.gov.in/
IN-KA-HASSAN-SAKALESHPUR,IN,3,Sakaleshpur,,IN-KA-HASSAN,5853,,Local Government Directory (Ministry of Panchayati Raj),https://lgdirectory.gov.in/
IN-KA-HASSAN-ARKALGUD,IN,3,Arkalgud,,IN-KA-HASSAN,5847,,Local Government Directory (Ministry of Panchayati Raj),https://lgdirectory.gov.in/
IN-KA-HASSAN-BELUR,IN,3,Belur,,IN-KA-HASSAN,5849,,Local Government Directory (Ministry of Panchayati Raj),https://lgdirectory.gov.in/
IN-KA-HASSAN-CHANNARAYAPATNA,IN,3,Channarayapatna,,IN-KA-HASSAN,5850,,Local Government Directory (Ministry of Panchayati Raj),https://lgdirectory.gov.in/
IN-KA-HASSAN-ALUR,IN,3,Alur,,IN-KA-HASSAN,5846,,Local Government Directory (Ministry of Panchayati Raj),https://lgdirectory.gov.in/
IN-KA-HASSAN-HASSAN,IN,3,Hassan,,IN-KA-HASSAN,5851,,Local Government Directory (Ministry of Panchayati Raj),https://lgdirectory.gov.in/
IN-KA-DAKSHINA-KANNADA,IN,2,Dakshina Kannada,South Canara|Dakshin Kannada,IN-KA,534,,Local Government Directory (Ministry of Panchayati Raj),https://lgdirectory.gov.in/
IN-KA-DAKSHINA-KANNADA-PUTTUR,IN,3,Puttur,,IN-KA-DAKSHINA-KANNADA,5818,,Local Government Directory (Ministry of Panchayati Raj),https://lgdirectory.gov.in/
IN-KA-DAKSHINA-KANNADA-BANTVAL,IN,3,Bantval,,IN-KA-DAKSHINA-KANNADA,5815,,Local Government Directory (Ministry of Panchayati Raj),https://lgdirectory.gov.in/
IN-KA-DAKSHINA-KANNADA-MANGALURU,IN,3,Mangaluru,Mangalore|ಮಂಗಳೂರು,IN-KA-DAKSHINA-KANNADA,5817,,Local Government Directory (Ministry of Panchayati Raj),https://lgdirectory.gov.in/
IN-KA-DAKSHINA-KANNADA-KADABA,IN,3,Kadaba,,IN-KA-DAKSHINA-KANNADA,7427,,Local Government Directory (Ministry of Panchayati Raj),https://lgdirectory.gov.in/
IN-KA-DAKSHINA-KANNADA-BELTANGADI,IN,3,Beltangadi,,IN-KA-DAKSHINA-KANNADA,5816,,Local Government Directory (Ministry of Panchayati Raj),https://lgdirectory.gov.in/
IN-KA-DAKSHINA-KANNADA-MUDUBIDARE,IN,3,Mudubidare,,IN-KA-DAKSHINA-KANNADA,7428,,Local Government Directory (Ministry of Panchayati Raj),https://lgdirectory.gov.in/
IN-KA-DAKSHINA-KANNADA-ULLALA,IN,3,Ullala,,IN-KA-DAKSHINA-KANNADA,7499,,Local Government Directory (Ministry of Panchayati Raj),https://lgdirectory.gov.in/
IN-KA-DAKSHINA-KANNADA-SULYA,IN,3,Sulya,,IN-KA-DAKSHINA-KANNADA,5819,,Local Government Directory (Ministry of Panchayati Raj),https://lgdirectory.gov.in/
IN-KA-DAKSHINA-KANNADA-MULKI,IN,3,Mulki,,IN-KA-DAKSHINA-KANNADA,7498,,Local Government Directory (Ministry of Panchayati Raj),https://lgdirectory.gov.in/
IN-KA-KODAGU,IN,2,Kodagu,,IN-KA,541,,Local Government Directory (Ministry of Panchayati Raj),https://lgdirectory.gov.in/
IN-KA-KODAGU-MADIKERI,IN,3,Madikeri,,IN-KA-KODAGU,5861,,Local Government Directory (Ministry of Panchayati Raj),https://lgdirectory.gov.in/
IN-KA-KODAGU-VIRAJPET,IN,3,Virajpet,,IN-KA-KODAGU,5863,,Local Government Directory (Ministry of Panchayati Raj),https://lgdirectory.gov.in/
IN-KA-KODAGU-SOMVARPET,IN,3,Somvarpet,,IN-KA-KODAGU,5862,,Local Government Directory (Ministry of Panchayati Raj),https://lgdirectory.gov.in/
IN-KA-KODAGU-KUSHALANAGAR,IN,3,Kushalanagar,,IN-KA-KODAGU,7488,,Local Government Directory (Ministry of Panchayati Raj),https://lgdirectory.gov.in/
IN-KA-KODAGU-PONNAMPET,IN,3,Ponnampet,,IN-KA-KODAGU,7489,,Local Government Directory (Ministry of Panchayati Raj),https://lgdirectory.gov.in/
IN-KA-MYSURU,IN,2,Mysuru,Mysore|ಮೈಸೂರು,IN-KA,545,,Local Government Directory (Ministry of Panchayati Raj),https://lgdirectory.gov.in/
IN-KA-MYSURU-SALIGRAMA,IN,3,Saligrama,,IN-KA-MYSURU,7500,,Local Government Directory (Ministry of Panchayati Raj),https://lgdirectory.gov.in/
IN-KA-MYSURU-NANJANGUD,IN,3,Nanjangud,,IN-KA-MYSURU,5890,,Local Government Directory (Ministry of Panchayati Raj),https://lgdirectory.gov.in/
IN-KA-MYSURU-KRISHNARAJANAGARA,IN,3,Krishnarajanagara,,IN-KA-MYSURU,5888,,Local Government Directory (Ministry of Panchayati Raj),https://lgdirectory.gov.in/
IN-KA-MYSURU-HUNSUR,IN,3,Hunsur,,IN-KA-MYSURU,5887,,Local Government Directory (Ministry of Panchayati Raj),https://lgdirectory.gov.in/
IN-KA-MYSURU-TIRUMAKUDAL-NARSIPUR,IN,3,Tirumakudal-Narsipur,,IN-KA-MYSURU,5892,,Local Government Directory (Ministry of Panchayati Raj),https://lgdirectory.gov.in/
IN-KA-MYSURU-PIRIYAPATNA,IN,3,Piriyapatna,,IN-KA-MYSURU,5891,,Local Government Directory (Ministry of Panchayati Raj),https://lgdirectory.gov.in/
IN-KA-MYSURU-SARAGURU,IN,3,Saraguru,,IN-KA-MYSURU,7413,,Local Government Directory (Ministry of Panchayati Raj),https://lgdirectory.gov.in/
IN-KA-MYSURU-HEGGADADEVANKOTE,IN,3,Heggadadevankote,,IN-KA-MYSURU,5886,,Local Government Directory (Ministry of Panchayati Raj),https://lgdirectory.gov.in/
IN-KA-MYSURU-MYSURU,IN,3,Mysuru,Mysore|ಮೈಸೂರು,IN-KA-MYSURU,5889,,Local Government Directory (Ministry of Panchayati Raj),https://lgdirectory.gov.in/
IN-KA-CHAMARAJANAGARA,IN,2,Chamarajanagara,Chamarajanagar|ಚಾಮರಾಜನಗರ,IN-KA,531,,Local Government Directory (Ministry of Panchayati Raj),https://lgdirectory.gov.in/
IN-KA-CHAMARAJANAGARA-GUNDLUPET,IN,3,Gundlupet,,IN-KA-CHAMARAJANAGARA,5799,,Local Government Directory (Ministry of Panchayati Raj),https://lgdirectory.gov.in/
IN-KA-CHAMARAJANAGARA-CHAMARAJANAGAR,IN,3,Chamarajanagar,Chamarajanagara,IN-KA-CHAMARAJANAGARA,5798,,Local Government Directory (Ministry of Panchayati Raj),https://lgdirectory.gov.in/
IN-KA-CHAMARAJANAGARA-YELANDUR,IN,3,Yelandur,,IN-KA-CHAMARAJANAGARA,5801,,Local Government Directory (Ministry of Panchayati Raj),https://lgdirectory.gov.in/
IN-KA-CHAMARAJANAGARA-KOLLEGALA,IN,3,Kollegala,,IN-KA-CHAMARAJANAGARA,5800,,Local Government Directory (Ministry of Panchayati Raj),https://lgdirectory.gov.in/
IN-KA-CHAMARAJANAGARA-HANURU,IN,3,Hanuru,,IN-KA-CHAMARAJANAGARA,7378,,Local Government Directory (Ministry of Panchayati Raj),https://lgdirectory.gov.in/
IN-KA-KALABURAGI,IN,2,Kalaburagi,Gulbarga|ಕಲಬುರಗಿ,IN-KA,538,,Local Government Directory (Ministry of Panchayati Raj),https://lgdirectory.gov.in/
IN-KA-KALABURAGI-CHITAPUR,IN,3,Chitapur,,IN-KA-KALABURAGI,5839,,Local Government Directory (Ministry of Panchayati Raj),https://lgdirectory.gov.in/
IN-KA-KALABURAGI-JEVARGI,IN,3,Jevargi,,IN-KA-KALABURAGI,5841,,Local Government Directory (Ministry of Panchayati Raj),https://lgdirectory.gov.in/
IN-KA-KALABURAGI-SHABAD,IN,3,Shabad,,IN-KA-KALABURAGI,7408,,Local Government Directory (Ministry of Panchayati Raj),https://lgdirectory.gov.in/
IN-KA-KALABURAGI-KALABURAGI,IN,3,Kalaburagi,Gulbarga|ಕಲಬುರಗಿ,IN-KA-KALABURAGI,5840,,Local Government Directory (Ministry of Panchayati Raj),https://lgdirectory.gov.in/
IN-KA-KALABURAGI-AFZALPUR,IN,3,Afzalpur,,IN-KA-KALABURAGI,5836,,Local Government Directory (Ministry of Panchayati Raj),https://lgdirectory.gov.in/
IN-KA-KALABURAGI-YADRAMI,IN,3,Yadrami,,IN-KA-KALABURAGI,7409,,Local Government Directory (Ministry of Panchayati Raj),https://lgdirectory.gov.in/
IN-KA-KALABURAGI-KALAGI,IN,3,Kalagi,,IN-KA-KALABURAGI,7406,,Local Government Directory (Ministry of Panchayati Raj),https://lgdirectory.gov.in/
IN-KA-KALABURAGI-KAMALAPUR,IN,3,Kamalapur,,IN-KA-KALABURAGI,7407,,Local Government Directory (Ministry of Panchayati Raj),https://lgdirectory.gov.in/
IN-KA-KALABURAGI-ALAND,IN,3,Aland,,IN-KA-KALABURAGI,5837,,Local Government Directory (Ministry of Panchayati Raj),https://lgdirectory.gov.in/
IN-KA-KALABURAGI-SEDAM,IN,3,Sedam,,IN-KA-KALABURAGI,5842,,Local Government Directory (Ministry of Panchayati Raj),https://lgdirectory.gov.in/
IN-KA-KALABURAGI-CHINCHOLI,IN,3,Chincholi,,IN-KA-KALABURAGI,5838,,Local Government Directory (Ministry of Panchayati Raj),https://lgdirectory.gov.in/
IN-KA-YADGIR,IN,2,Yadgir,,IN-KA,635,,Local Government Directory (Ministry of Panchayati Raj),https://lgdirectory.gov.in/
IN-KA-YADGIR-WADAGERA,IN,3,Wadagera,,IN-KA-YADGIR,7389,,Local Government Directory (Ministry of Panchayati Raj),https://lgdirectory.gov.in/
IN-KA-YADGIR-GURUMITKAL,IN,3,Gurumitkal,,IN-KA-YADGIR,7388,,Local Government Directory (Ministry of Panchayati Raj),https://lgdirectory.gov.in/
IN-KA-YADGIR-SHORAPUR,IN,3,Shorapur,,IN-KA-YADGIR,5844,,Local Government Directory (Ministry of Panchayati Raj),https://lgdirectory.gov.in/
IN-KA-YADGIR-SHAHAPUR,IN,3,Shahapur,,IN-KA-YADGIR,5843,,Local Government Directory (Ministry of Panchayati Raj),https://lgdirectory.gov.in/
IN-KA-YADGIR-YADGIR,IN,3,Yadgir,,IN-KA-YADGIR,5845,,Local Government Directory (Ministry of Panchayati Raj),https://lgdirectory.gov.in/
IN-KA-YADGIR-HUNASAGI,IN,3,Hunasagi,,IN-KA-YADGIR,7390,,Local Government Directory (Ministry of Panchayati Raj),https://lgdirectory.gov.in/
IN-KA-KOLAR,IN,2,Kolar,ಕೋಲಾರ,IN-KA,542,,Local Government Directory (Ministry of Panchayati Raj),https://lgdirectory.gov.in/
IN-KA-KOLAR-K-G-F,IN,3,K G F,,IN-KA-KOLAR,7363,,Local Government Directory (Ministry of Panchayati Raj),https://lgdirectory.gov.in/
IN-KA-KOLAR-MULBAGAL,IN,3,Mulbagal,,IN-KA-KOLAR,5872,,Local Government Directory (Ministry of Panchayati Raj),https://lgdirectory.gov.in/
IN-KA-KOLAR-KOLAR,IN,3,Kolar,ಕೋಲಾರ,IN-KA-KOLAR,5870,,Local Government Directory (Ministry of Panchayati Raj),https://lgdirectory.gov.in/
IN-KA-KOLAR-SRINIVASPUR,IN,3,Srinivaspur,,IN-KA-KOLAR,5874,,Local Government Directory (Ministry of Panchayati Raj),https://lgdirectory.gov.in/
IN-KA-KOLAR-BANGARAPET,IN,3,Bangarapet,,IN-KA-KOLAR,5865,,Local Government Directory (Ministry of Panchayati Raj),https://lgdirectory.gov.in/
IN-KA-KOLAR-MALUR,IN,3,Malur,,IN-KA-KOLAR,5871,,Local Government Directory (Ministry of Panchayati Raj),https://lgdirectory.gov.in/
IN-KA-CHIKKABALLAPURA,IN,2,Chikkaballapura,,IN-KA,630,,Local Government Directory (Ministry of Panchayati Raj),https://lgdirectory.gov.in/
IN-KA-CHIKKABALLAPURA-GAURIBIDANUR,IN,3,Gauribidanur,,IN-KA-CHIKKABALLAPURA,5868,,Local Government Directory (Ministry of Panchayati Raj),https://lgdirectory.gov.in/
IN-KA-CHIKKABALLAPURA-BAGEPALLI,IN,3,Bagepalli,,IN-KA-CHIKKABALLAPURA,5864,,Local Government Directory (Ministry of Panchayati Raj),https://lgdirectory.gov.in/
IN-KA-CHIKKABALLAPURA-GUDIBANDA,IN,3,Gudibanda,,IN-KA-CHIKKABALLAPURA,5869,,Local Government Directory (Ministry of Panchayati Raj),https://lgdirectory.gov.in/
IN-KA-CHIKKABALLAPURA-CHINTAMANI,IN,3,Chintamani,,IN-KA-CHIKKABALLAPURA,5867,,Local Government Directory (Ministry of Panchayati Raj),https://lgdirectory.gov.in/
IN-KA-CHIKKABALLAPURA-CHIKBALLAPUR,IN,3,Chikballapur,,IN-KA-CHIKKABALLAPURA,5866,,Local Government Directory (Ministry of Panchayati Raj),https://lgdirectory.gov.in/
IN-KA-CHIKKABALLAPURA-SIDLAGHATTA,IN,3,Sidlaghatta,,IN-KA-CHIKKABALLAPURA,5873,,Local Government Directory (Ministry of Panchayati Raj),https://lgdirectory.gov.in/
IN-KA-BENGALURU-RURAL,IN,2,Bengaluru Rural,Bangalore Rural|ಬೆಂಗಳೂರು ಗ್ರಾಮಾಂತರ,IN-KA,526,,Local Government Directory (Ministry of Panchayati Raj),https://lgdirectory.gov.in/
IN-KA-BENGALURU-RURAL-DEVANHALLI,IN,3,Devanhalli,,IN-KA-BENGALURU-RURAL,5764,,Local Government Directory (Ministry of Panchayati Raj),https://lgdirectory.gov.in/
IN-KA-BENGALURU-RURAL-DODBALLAPUR,IN,3,Dodballapur,,IN-KA-BENGALURU-RURAL,5765,,Local Government Directory (Ministry of Panchayati Raj),https://lgdirectory.gov.in/
IN-KA-BENGALURU-RURAL-NELAMANGALA,IN,3,Nelamangala,,IN-KA-BENGALURU-RURAL,5769,,Local Government Directory (Ministry of Panchayati Raj),https://lgdirectory.gov.in/
IN-KA-BENGALURU-RURAL-HOSKOTE,IN,3,Hoskote,,IN-KA-BENGALURU-RURAL,5766,,Local Government Directory (Ministry of Panchayati Raj),https://lgdirectory.gov.in/
IN-KA-RAMANAGARA,IN,2,Ramanagara,,IN-KA,631,,Local Government Directory (Ministry of Panchayati Raj),https://lgdirectory.gov.in/
IN-KA-RAMANAGARA-CHANNAPATNA,IN,3,Channapatna,,IN-KA-RAMANAGARA,5763,,Local Government Directory (Ministry of Panchayati Raj),https://lgdirectory.gov.in/
IN-KA-RAMANAGARA-RAMANAGARA,IN,3,Ramanagara,,IN-KA-RAMANAGARA,5770,,Local Government Directory (Ministry of Panchayati Raj),https://lgdirectory.gov.in/
IN-KA-RAMANAGARA-KANAKAPURA,IN,3,Kanakapura,,IN-KA-RAMANAGARA,5767,,Local Government Directory (Ministry of Panchayati Raj),https://lgdirectory.gov.in/
IN-KA-RAMANAGARA-MAGADI,IN,3,Magadi,,IN-KA-RAMANAGARA,5768,,Local Government Directory (Ministry of Panchayati Raj),https://lgdirectory.gov.in/
